ask	0	1	2	3	4	5	6	7	8	bid	0	1	2	3	4	5	6	7	8	ask_pade
44781.03516	44781.266	44781.19914	44780.36154	44780.27913	44779.7536	44778.03414	44778.35518	44777.90527	44777.64813	44629.22	44629.25173	44629.25173	44629.25173	44629.25173	44629.25173	44629.25173	44625.90467	44625.73313	44625.1436	44761.4467516307
44776.03112	44781.19914	44780.36154	44780.27913	44779.7536	44778.03414	44778.35518	44777.90527	44777.64813	44775.68954	44623.80572	44629.25173	44629.25173	44629.25173	44629.25173	44629.25173	44625.90467	44625.73313	44625.1436	44623.08559	44839.723152261795
44776.70681	44780.36154	44780.27913	44779.7536	44778.03414	44778.35518	44777.90527	44777.64813	44775.68954	44774.59823	44624.58976	44629.25173	44629.25173	44629.25173	44629.25173	44625.90467	44625.73313	44625.1436	44623.08559	44622.50931	44741.53431264691
44774.93095	44780.27913	44779.7536	44778.03414	44778.35518	44777.90527	44777.64813	44775.68954	44774.59823	44773.59283	44623.31614	44629.25173	44629.25173	44629.25173	44625.90467	44625.73313	44625.1436	44623.08559	44622.50931	44621.53194	44853.50739914874
44775.14435	44779.7536	44778.03414	44778.35518	44777.90527	44777.64813	44775.68954	44774.59823	44773.59283	44771.33173	44623.41797	44629.25173	44629.25173	44625.90467	44625.73313	44625.1436	44623.08559	44622.50931	44621.53194	44619.15195	44791.56782204984
44770.50849	44778.03414	44778.35518	44777.90527	44777.64813	44775.68954	44774.59823	44773.59283	44771.33173	44771.09764	44617.63952	44629.25173	44625.90467	44625.73313	44625.1436	44623.08559	44622.50931	44621.53194	44619.15195	44618.41979	44874.1968261624
44774.01183	44778.35518	44777.90527	44777.64813	44775.68954	44774.59823	44773.59283	44771.33173	44771.09764	44770.34797	44622.6747	44625.90467	44625.73313	44625.1436	44623.08559	44622.50931	44621.53194	44619.15195	44618.41979	44618.20911	44695.06577069565
44770.98925	44777.90527	44777.64813	44775.68954	44774.59823	44773.59283	44771.33173	44771.09764	44770.34797	44770.43231	44617.8455	44625.73313	44625.1436	44623.08559	44622.50931	44621.53194	44619.15195	44618.41979	44618.20911	44617.91862	44877.51579591466
44769.63277	44777.64813	44775.68954	44774.59823	44773.59283	44771.33173	44771.09764	44770.34797	44770.43231	44770.06369	44616.50385	44625.1436	44623.08559	44622.50931	44621.53194	44619.15195	44618.41979	44618.20911	44617.91862	44617.11389	44825.5749392302
44766.33393	44775.68954	44774.59823	44773.59283	44771.33173	44771.09764	44770.34797	44770.43231	44770.06369	44764.64282	44615.79422	44623.08559	44622.50931	44621.53194	44619.15195	44618.41979	44618.20911	44617.91862	44617.11389	44612.73469	44815.90275861073
44764.12213	44774.59823	44773.59283	44771.33173	44771.09764	44770.34797	44770.43231	44770.06369	44764.64282	44764.27627	44615.79422	44622.50931	44621.53194	44619.15195	44618.41979	44618.20911	44617.91862	44617.11389	44612.73469	44610.71606	44864.02847843785
44766.37888	44773.59283	44771.33173	44771.09764	44770.34797	44770.43231	44770.06369	44764.64282	44764.27627	44780.51156	44615.79422	44621.53194	44619.15195	44618.41979	44618.20911	44617.91862	44617.11389	44612.73469	44610.71606	44626.62922	44748.74900960312
44765.07736	44771.33173	44771.09764	44770.34797	44770.43231	44770.06369	44764.64282	44764.27627	44780.51156	44780.04544	44615.79422	44619.15195	44618.41979	44618.20911	44617.91862	44617.11389	44612.73469	44610.71606	44626.62922	44628.08383	44870.63755644358
44762.70705	44771.09764	44770.34797	44770.43231	44770.06369	44764.64282	44764.27627	44780.51156	44780.04544	44781.03516	44615.79422	44618.41979	44618.20911	44617.91862	44617.11389	44612.73469	44610.71606	44626.62922	44628.08383	44629.22	44845.394714780654
44759.64259	44770.34797	44770.43231	44770.06369	44764.64282	44764.27627	44780.51156	44780.04544	44781.03516	44776.03112	44606.89314	44618.20911	44617.91862	44617.11389	44612.73469	44610.71606	44626.62922	44628.08383	44629.22	44623.80572	44727.95308572345
44747.75859	44770.43231	44770.06369	44764.64282	44764.27627	44780.51156	44780.04544	44781.03516	44776.03112	44776.70681	44594.55585	44617.91862	44617.11389	44612.73469	44610.71606	44626.62922	44628.08383	44629.22	44623.80572	44624.58976	45081.17979066462
44743.14683	44770.06369	44764.64282	44764.27627	44780.51156	44780.04544	44781.03516	44776.03112	44776.70681	44774.93095	44590.51596	44617.11389	44612.73469	44610.71606	44626.62922	44628.08383	44629.22	44623.80572	44624.58976	44623.31614	45211.20440037626
44741.51441	44764.64282	44764.27627	44780.51156	44780.04544	44781.03516	44776.03112	44776.70681	44774.93095	44775.14435	44589.01482	44612.73469	44610.71606	44626.62922	44628.08383	44629.22	44623.80572	44624.58976	44623.31614	44623.41797	44778.39384067652
44742.73243	44764.27627	44780.51156	44780.04544	44781.03516	44776.03112	44776.70681	44774.93095	44775.14435	44770.50849	44590.77713	44610.71606	44626.62922	44628.08383	44629.22	44623.80572	44624.58976	44623.31614	44623.41797	44617.63952	45055.12729828292
44751.52674	44780.51156	44780.04544	44781.03516	44776.03112	44776.70681	44774.93095	44775.14435	44770.50849	44774.01183	44597.5861	44626.62922	44628.08383	44629.22	44623.80572	44624.58976	44623.31614	44623.41797	44617.63952	44622.6747	44823.66096550382
44750.47093	44780.04544	44781.03516	44776.03112	44776.70681	44774.93095	44775.14435	44770.50849	44774.01183	44770.98925	44597.09998	44628.08383	44629.22	44623.80572	44624.58976	44623.31614	44623.41797	44617.63952	44622.6747	44617.8455	45169.90992405263
44731.47987	44781.03516	44776.03112	44776.70681	44774.93095	44775.14435	44770.50849	44774.01183	44770.98925	44769.63277	44579.79422	44629.22	44623.80572	44624.58976	44623.31614	44623.41797	44617.63952	44622.6747	44617.8455	44616.50385	45306.865806211375
44728.32958	44776.03112	44776.70681	44774.93095	44775.14435	44770.50849	44774.01183	44770.98925	44769.63277	44766.33393	44579.79422	44623.80572	44624.58976	44623.31614	44623.41797	44617.63952	44622.6747	44617.8455	44616.50385	44615.79422	44965.420078460156
44727.89181	44776.70681	44774.93095	44775.14435	44770.50849	44774.01183	44770.98925	44769.63277	44766.33393	44764.12213	44575.25313	44624.58976	44623.31614	44623.41797	44617.63952	44622.6747	44617.8455	44616.50385	44615.79422	44615.79422	44990.99852031967
44735.20747	44774.93095	44775.14435	44770.50849	44774.01183	44770.98925	44769.63277	44766.33393	44764.12213	44766.37888	44581.99034	44623.31614	44623.41797	44617.63952	44622.6747	44617.8455	44616.50385	44615.79422	44615.79422	44615.79422	45150.72273863112
44741.20807	44775.14435	44770.50849	44774.01183	44770.98925	44769.63277	44766.33393	44764.12213	44766.37888	44765.07736	44588.06773	44623.41797	44617.63952	44622.6747	44617.8455	44616.50385	44615.79422	44615.79422	44615.79422	44615.79422	44971.88578306011
44740.97917	44770.50849	44774.01183	44770.98925	44769.63277	44766.33393	44764.12213	44766.37888	44765.07736	44762.70705	44588.17313	44617.63952	44622.6747	44617.8455	44616.50385	44615.79422	44615.79422	44615.79422	44615.79422	44615.79422	45085.57968433269
44740.94743	44774.01183	44770.98925	44769.63277	44766.33393	44764.12213	44766.37888	44765.07736	44762.70705	44759.64259	44588.27224	44622.6747	44617.8455	44616.50385	44615.79422	44615.79422	44615.79422	44615.79422	44615.79422	44606.89314	44962.11153013485
44739.60053	44770.98925	44769.63277	44766.33393	44764.12213	44766.37888	44765.07736	44762.70705	44759.64259	44747.75859	44587.35329	44617.8455	44616.50385	44615.79422	44615.79422	44615.79422	44615.79422	44615.79422	44606.89314	44594.55585	45001.948696502644
44741.74317	44769.63277	44766.33393	44764.12213	44766.37888	44765.07736	44762.70705	44759.64259	44747.75859	44743.14683	44589.71624	44616.50385	44615.79422	44615.79422	44615.79422	44615.79422	44615.79422	44606.89314	44594.55585	44590.51596	45010.119368037005
44743.04133	44766.33393	44764.12213	44766.37888	44765.07736	44762.70705	44759.64259	44747.75859	44743.14683	44741.51441	44590.76931	44615.79422	44615.79422	44615.79422	44615.79422	44615.79422	44606.89314	44594.55585	44590.51596	44589.01482	44905.97296692884
44739.33501	44764.12213	44766.37888	44765.07736	44762.70705	44759.64259	44747.75859	44743.14683	44741.51441	44742.73243	44587.51739	44615.79422	44615.79422	44615.79422	44615.79422	44606.89314	44594.55585	44590.51596	44589.01482	44590.77713	44993.84628212733
44743.2847	44766.37888	44765.07736	44762.70705	44759.64259	44747.75859	44743.14683	44741.51441	44742.73243	44751.52674	44591.2739	44615.79422	44615.79422	44615.79422	44606.89314	44594.55585	44590.51596	44589.01482	44590.77713	44597.5861	44809.47744055359
44741.95413	44765.07736	44762.70705	44759.64259	44747.75859	44743.14683	44741.51441	44742.73243	44751.52674	44750.47093	44589.78682	44615.79422	44615.79422	44606.89314	44594.55585	44590.51596	44589.01482	44590.77713	44597.5861	44597.09998	44792.99367560554
44740.36109	44762.70705	44759.64259	44747.75859	44743.14683	44741.51441	44742.73243	44751.52674	44750.47093	44731.47987	44588.69076	44615.79422	44606.89314	44594.55585	44590.51596	44589.01482	44590.77713	44597.5861	44597.09998	44579.79422	45007.73460558073
44740.95229	44759.64259	44747.75859	44743.14683	44741.51441	44742.73243	44751.52674	44750.47093	44731.47987	44728.32958	44589.42232	44606.89314	44594.55585	44590.51596	44589.01482	44590.77713	44597.5861	44597.09998	44579.79422	44579.79422	44838.72568927517
44738.37533	44747.75859	44743.14683	44741.51441	44742.73243	44751.52674	44750.47093	44731.47987	44728.32958	44727.89181	44586.70412	44594.55585	44590.51596	44589.01482	44590.77713	44597.5861	44597.09998	44579.79422	44579.79422	44575.25313	44884.432121528014
44740.16293	44743.14683	44741.51441	44742.73243	44751.52674	44750.47093	44731.47987	44728.32958	44727.89181	44735.20747	44588.18448	44590.51596	44589.01482	44590.77713	44597.5861	44597.09998	44579.79422	44579.79422	44575.25313	44581.99034	44856.62444947683
44743.88424	44741.51441	44742.73243	44751.52674	44750.47093	44731.47987	44728.32958	44727.89181	44735.20747	44741.20807	44591.40571	44589.01482	44590.77713	44597.5861	44597.09998	44579.79422	44579.79422	44575.25313	44581.99034	44588.06773	43959.799846775684
44741.73251	44742.73243	44751.52674	44750.47093	44731.47987	44728.32958	44727.89181	44735.20747	44741.20807	44740.97917	44589.09164	44590.77713	44597.5861	44597.09998	44579.79422	44579.79422	44575.25313	44581.99034	44588.06773	44588.17313	44616.718292519305
44746.2516	44751.52674	44750.47093	44731.47987	44728.32958	44727.89181	44735.20747	44741.20807	44740.97917	44740.94743	44593.09359	44597.5861	44597.09998	44579.79422	44579.79422	44575.25313	44581.99034	44588.06773	44588.17313	44588.27224	44698.05344648201
44748.13789	44750.47093	44731.47987	44728.32958	44727.89181	44735.20747	44741.20807	44740.97917	44740.94743	44739.60053	44595.77178	44597.09998	44579.79422	44579.79422	44575.25313	44581.99034	44588.06773	44588.17313	44588.27224	44587.35329	44784.576794843815
44748.77935	44731.47987	44728.32958	44727.89181	44735.20747	44741.20807	44740.97917	44740.94743	44739.60053	44741.74317	44596.17643	44579.79422	44579.79422	44575.25313	44581.99034	44588.06773	44588.17313	44588.27224	44587.35329	44589.71624	44763.87315747828
44751.23507	44728.32958	44727.89181	44735.20747	44741.20807	44740.97917	44740.94743	44739.60053	44741.74317	44743.04133	44598.34165	44579.79422	44575.25313	44581.99034	44588.06773	44588.17313	44588.27224	44587.35329	44589.71624	44590.76931	44581.30656500477
44749.8532	44727.89181	44735.20747	44741.20807	44740.97917	44740.94743	44739.60053	44741.74317	44743.04133	44739.33501	44596.79039	44575.25313	44581.99034	44588.06773	44588.17313	44588.27224	44587.35329	44589.71624	44590.76931	44587.51739	44549.99132872464
44751.96951	44735.20747	44741.20807	44740.97917	44740.94743	44739.60053	44741.74317	44743.04133	44739.33501	44743.2847	44599.21465	44581.99034	44588.06773	44588.17313	44588.27224	44587.35329	44589.71624	44590.76931	44587.51739	44591.2739	44580.963845278064
44751.91095	44741.20807	44740.97917	44740.94743	44739.60053	44741.74317	44743.04133	44739.33501	44743.2847	44741.95413	44598.93457	44588.06773	44588.17313	44588.27224	44587.35329	44589.71624	44590.76931	44587.51739	44591.2739	44589.78682	44644.20752640133
44749.09425	44740.97917	44740.94743	44739.60053	44741.74317	44743.04133	44739.33501	44743.2847	44741.95413	44740.36109	44595.82851	44588.17313	44588.27224	44587.35329	44589.71624	44590.76931	44587.51739	44591.2739	44589.78682	44588.69076	44771.88779546508
44748.88278	44740.94743	44739.60053	44741.74317	44743.04133	44739.33501	44743.2847	44741.95413	44740.36109	44740.95229	44596.05032	44588.27224	44587.35329	44589.71624	44590.76931	44587.51739	44591.2739	44589.78682	44588.69076	44589.42232	44650.05810159847
44750.26935	44739.60053	44741.74317	44743.04133	44739.33501	44743.2847	44741.95413	44740.36109	44740.95229	44738.37533	44597.19902	44587.35329	44589.71624	44590.76931	44587.51739	44591.2739	44589.78682	44588.69076	44589.42232	44586.70412	44556.03444384147
44749.39074	44741.74317	44743.04133	44739.33501	44743.2847	44741.95413	44740.36109	44740.95229	44738.37533	44740.16293	44596.12058	44589.71624	44590.76931	44587.51739	44591.2739	44589.78682	44588.69076	44589.42232	44586.70412	44588.18448	44803.78247615751
44748.60898	44743.04133	44739.33501	44743.2847	44741.95413	44740.36109	44740.95229	44738.37533	44740.16293	44743.88424	44595.30648	44590.76931	44587.51739	44591.2739	44589.78682	44588.69076	44589.42232	44586.70412	44588.18448	44591.40571	44620.9192086714
44749.47531	44739.33501	44743.2847	44741.95413	44740.36109	44740.95229	44738.37533	44740.16293	44743.88424	44741.73251	44596.41617	44587.51739	44591.2739	44589.78682	44588.69076	44589.42232	44586.70412	44588.18448	44591.40571	44589.09164	44633.90859768521
44748.62981	44743.2847	44741.95413	44740.36109	44740.95229	44738.37533	44740.16293	44743.88424	44741.73251	44746.2516	44595.42376	44591.2739	44589.78682	44588.69076	44589.42232	44586.70412	44588.18448	44591.40571	44589.09164	44593.09359	44740.303909169954
44750.16467	44741.95413	44740.36109	44740.95229	44738.37533	44740.16293	44743.88424	44741.73251	44746.2516	44748.13789	44597.42369	44589.78682	44588.69076	44589.42232	44586.70412	44588.18448	44591.40571	44589.09164	44593.09359	44595.77178	44586.11521740066
44749.615	44740.36109	44740.95229	44738.37533	44740.16293	44743.88424	44741.73251	44746.2516	44748.13789	44748.77935	44597.18062	44588.69076	44589.42232	44586.70412	44588.18448	44591.40571	44589.09164	44593.09359	44595.77178	44596.17643	44751.063005977834
44753.56793	44740.95229	44738.37533	44740.16293	44743.88424	44741.73251	44746.2516	44748.13789	44748.77935	44751.23507	44600.78865	44589.42232	44586.70412	44588.18448	44591.40571	44589.09164	44593.09359	44595.77178	44596.17643	44598.34165	44664.853099665146
44750.44229	44738.37533	44740.16293	44743.88424	44741.73251	44746.2516	44748.13789	44748.77935	44751.23507	44749.8532	44598.19328	44586.70412	44588.18448	44591.40571	44589.09164	44593.09359	44595.77178	44596.17643	44598.34165	44596.79039	44633.26638401073
44751.08644	44740.16293	44743.88424	44741.73251	44746.2516	44748.13789	44748.77935	44751.23507	44749.8532	44751.96951	44599.66716	44588.18448	44591.40571	44589.09164	44593.09359	44595.77178	44596.17643	44598.34165	44596.79039	44599.21465	44711.097756401425
44736.45864	44743.88424	44741.73251	44746.2516	44748.13789	44748.77935	44751.23507	44749.8532	44751.96951	44751.91095	44583.23789	44591.40571	44589.09164	44593.09359	44595.77178	44596.17643	44598.34165	44596.79039	44599.21465	44598.93457	44923.78448302459
44728.28555	44741.73251	44746.2516	44748.13789	44748.77935	44751.23507	44749.8532	44751.96951	44751.91095	44749.09425	44579.79422	44589.09164	44593.09359	44595.77178	44596.17643	44598.34165	44596.79039	44599.21465	44598.93457	44595.82851	44820.866885955984
44729.02009	44746.2516	44748.13789	44748.77935	44751.23507	44749.8532	44751.96951	44751.91095	44749.09425	44748.88278	44579.79422	44593.09359	44595.77178	44596.17643	44598.34165	44596.79039	44599.21465	44598.93457	44595.82851	44596.05032	44755.64752596799
44727.60227	44748.13789	44748.77935	44751.23507	44749.8532	44751.96951	44751.91095	44749.09425	44748.88278	44750.26935	44579.79422	44595.77178	44596.17643	44598.34165	44596.79039	44599.21465	44598.93457	44595.82851	44596.05032	44597.19902	44888.05092343946
44724.61154	44748.77935	44751.23507	44749.8532	44751.96951	44751.91095	44749.09425	44748.88278	44750.26935	44749.39074	44579.79422	44596.17643	44598.34165	44596.79039	44599.21465	44598.93457	44595.82851	44596.05032	44597.19902	44596.12058	45036.65948403854
44723.23411	44751.23507	44749.8532	44751.96951	44751.91095	44749.09425	44748.88278	44750.26935	44749.39074	44748.60898	44571.09832	44598.34165	44596.79039	44599.21465	44598.93457	44595.82851	44596.05032	44597.19902	44596.12058	44595.30648	44913.295507093826
44722.02991	44749.8532	44751.96951	44751.91095	44749.09425	44748.88278	44750.26935	44749.39074	44748.60898	44749.47531	44569.9816	44596.79039	44599.21465	44598.93457	44595.82851	44596.05032	44597.19902	44596.12058	44595.30648	44596.41617	44898.85852204138
44721.77003	44751.96951	44751.91095	44749.09425	44748.88278	44750.26935	44749.39074	44748.60898	44749.47531	44748.62981	44569.96943	44599.21465	44598.93457	44595.82851	44596.05032	44597.19902	44596.12058	44595.30648	44596.41617	44595.42376	45002.24879635484
44720.61284	44751.91095	44749.09425	44748.88278	44750.26935	44749.39074	44748.60898	44749.47531	44748.62981	44750.16467	44557.8351	44598.93457	44595.82851	44596.05032	44597.19902	44596.12058	44595.30648	44596.41617	44595.42376	44597.42369	45022.83927088639
44710.43394	44749.09425	44748.88278	44750.26935	44749.39074	44748.60898	44749.47531	44748.62981	44750.16467	44749.615	44557.80427	44595.82851	44596.05032	44597.19902	44596.12058	44595.30648	44596.41617	44595.42376	44597.42369	44597.18062	45097.932948249116
44710.8237	44748.88278	44750.26935	44749.39074	44748.60898	44749.47531	44748.62981	44750.16467	44749.615	44753.56793	44558.41432	44596.05032	44597.19902	44596.12058	44595.30648	44596.41617	44595.42376	44597.42369	44597.18062	44600.78865	44925.72660733406
44711.84589	44750.26935	44749.39074	44748.60898	44749.47531	44748.62981	44750.16467	44749.615	44753.56793	44750.44229	44560.23891	44597.19902	44596.12058	44595.30648	44596.41617	44595.42376	44597.42369	44597.18062	44600.78865	44598.19328	45031.09792445228
44710.80569	44749.39074	44748.60898	44749.47531	44748.62981	44750.16467	44749.615	44753.56793	44750.44229	44751.08644	44558.71169	44596.12058	44595.30648	44596.41617	44595.42376	44597.42369	44597.18062	44600.78865	44598.19328	44599.66716	45059.4335402772
44712.6237	44748.60898	44749.47531	44748.62981	44750.16467	44749.615	44753.56793	44750.44229	44751.08644	44736.45864	44561.17926	44595.30648	44596.41617	44595.42376	44597.42369	44597.18062	44600.78865	44598.19328	44599.66716	44583.23789	45025.550389677104
44711.68281	44749.47531	44748.62981	44750.16467	44749.615	44753.56793	44750.44229	44751.08644	44736.45864	44728.28555	44559.4507	44596.41617	44595.42376	44597.42369	44597.18062	44600.78865	44598.19328	44599.66716	44583.23789	44579.79422	45042.37942791971
44711.46184	44748.62981	44750.16467	44749.615	44753.56793	44750.44229	44751.08644	44736.45864	44728.28555	44729.02009	44559.7923	44595.42376	44597.42369	44597.18062	44600.78865	44598.19328	44599.66716	44583.23789	44579.79422	44579.79422	45112.528298856916
44710.04938	44750.16467	44749.615	44753.56793	44750.44229	44751.08644	44736.45864	44728.28555	44729.02009	44727.60227	44557.99755	44597.42369	44597.18062	44600.78865	44598.19328	44599.66716	44583.23789	44579.79422	44579.79422	44579.79422	44989.940720177765
44708.27079	44749.615	44753.56793	44750.44229	44751.08644	44736.45864	44728.28555	44729.02009	44727.60227	44724.61154	44555.84535	44597.18062	44600.78865	44598.19328	44599.66716	44583.23789	44579.79422	44579.79422	44579.79422	44579.79422	45127.22927723025
44709.43345	44753.56793	44750.44229	44751.08644	44736.45864	44728.28555	44729.02009	44727.60227	44724.61154	44723.23411	44557.55967	44600.78865	44598.19328	44599.66716	44583.23789	44579.79422	44579.79422	44579.79422	44579.79422	44571.09832	44771.235242613606
44708.32247	44750.44229	44751.08644	44736.45864	44728.28555	44729.02009	44727.60227	44724.61154	44723.23411	44722.02991	44556.55771	44598.19328	44599.66716	44583.23789	44579.79422	44579.79422	44579.79422	44579.79422	44571.09832	44569.9816	45088.31576946008
44707.80486	44751.08644	44736.45864	44728.28555	44729.02009	44727.60227	44724.61154	44723.23411	44722.02991	44721.77003	44556.33127	44599.66716	44583.23789	44579.79422	44579.79422	44579.79422	44579.79422	44571.09832	44569.9816	44569.96943	45153.20045967502
44707.48316	44736.45864	44728.28555	44729.02009	44727.60227	44724.61154	44723.23411	44722.02991	44721.77003	44720.61284	44555.73067	44583.23789	44579.79422	44579.79422	44579.79422	44579.79422	44571.09832	44569.9816	44569.96943	44557.8351	44902.716931735544
44707.29373	44728.28555	44729.02009	44727.60227	44724.61154	44723.23411	44722.02991	44721.77003	44720.61284	44710.43394	44555.42937	44579.79422	44579.79422	44579.79422	44579.79422	44571.09832	44569.9816	44569.96943	44557.8351	44557.80427	44843.470946306996
44706.54426	44729.02009	44727.60227	44724.61154	44723.23411	44722.02991	44721.77003	44720.61284	44710.43394	44710.8237	44555.32042	44579.79422	44579.79422	44579.79422	44571.09832	44569.9816	44569.96943	44557.8351	44557.80427	44558.41432	44904.515517227366
44703.38268	44727.60227	44724.61154	44723.23411	44722.02991	44721.77003	44720.61284	44710.43394	44710.8237	44711.84589	44551.62377	44579.79422	44579.79422	44571.09832	44569.9816	44569.96943	44557.8351	44557.80427	44558.41432	44560.23891	44919.036728387655
44703.73034	44724.61154	44723.23411	44722.02991	44721.77003	44720.61284	44710.43394	44710.8237	44711.84589	44710.80569	44552.33971	44579.79422	44571.09832	44569.9816	44569.96943	44557.8351	44557.80427	44558.41432	44560.23891	44558.71169	44868.85574003374
44704.22401	44723.23411	44722.02991	44721.77003	44720.61284	44710.43394	44710.8237	44711.84589	44710.80569	44712.6237	44552.83621	44571.09832	44569.9816	44569.96943	44557.8351	44557.80427	44558.41432	44560.23891	44558.71169	44561.17926	44828.78072442646
44696.36697	44722.02991	44721.77003	44720.61284	44710.43394	44710.8237	44711.84589	44710.80569	44712.6237	44711.68281	44550.50291	44569.9816	44569.96943	44557.8351	44557.80427	44558.41432	44560.23891	44558.71169	44561.17926	44559.4507	44811.05768726244
44695.50549	44721.77003	44720.61284	44710.43394	44710.8237	44711.84589	44710.80569	44712.6237	44711.68281	44711.46184	44550.50291	44569.96943	44557.8351	44557.80427	44558.41432	44560.23891	44558.71169	44561.17926	44559.4507	44559.7923	45034.99324883692
44694.80335	44720.61284	44710.43394	44710.8237	44711.84589	44710.80569	44712.6237	44711.68281	44711.46184	44710.04938	44550.50291	44557.8351	44557.80427	44558.41432	44560.23891	44558.71169	44561.17926	44559.4507	44559.7923	44557.99755	44888.56916344392
44690.47061	44710.43394	44710.8237	44711.84589	44710.80569	44712.6237	44711.68281	44711.46184	44710.04938	44708.27079	44538.30177	44557.80427	44558.41432	44560.23891	44558.71169	44561.17926	44559.4507	44559.7923	44557.99755	44555.84535	44880.83372349553
44691.55236	44710.8237	44711.84589	44710.80569	44712.6237	44711.68281	44711.46184	44710.04938	44708.27079	44709.43345	44540.10197	44558.41432	44560.23891	44558.71169	44561.17926	44559.4507	44559.7923	44557.99755	44555.84535	44557.55967	44852.13070692722
44686.92371	44711.84589	44710.80569	44712.6237	44711.68281	44711.46184	44710.04938	44708.27079	44709.43345	44708.32247	44534.38462	44560.23891	44558.71169	44561.17926	44559.4507	44559.7923	44557.99755	44555.84535	44557.55967	44556.55771	44916.3883514382
44686.51708	44710.80569	44712.6237	44711.68281	44711.46184	44710.04938	44708.27079	44709.43345	44708.32247	44707.80486	44533.73842	44558.71169	44561.17926	44559.4507	44559.7923	44557.99755	44555.84535	44557.55967	44556.55771	44556.33127	44877.90683841314
44684.86048	44712.6237	44711.68281	44711.46184	44710.04938	44708.27079	44709.43345	44708.32247	44707.80486	44707.48316	44532.3257	44561.17926	44559.4507	44559.7923	44557.99755	44555.84535	44557.55967	44556.55771	44556.33127	44555.73067	44891.54854991252
44684.65351	44711.68281	44711.46184	44710.04938	44708.27079	44709.43345	44708.32247	44707.80486	44707.48316	44707.29373	44532.08145	44559.4507	44559.7923	44557.99755	44555.84535	44557.55967	44556.55771	44556.33127	44555.73067	44555.42937	44890.45231404644
44672.38337	44711.46184	44710.04938	44708.27079	44709.43345	44708.32247	44707.80486	44707.48316	44707.29373	44706.54426	44518.87533	44559.7923	44557.99755	44555.84535	44557.55967	44556.55771	44556.33127	44555.73067	44555.42937	44555.32042	45159.22482848792
44673.22065	44710.04938	44708.27079	44709.43345	44708.32247	44707.80486	44707.48316	44707.29373	44706.54426	44703.38268	44520.80119	44557.99755	44555.84535	44557.55967	44556.55771	44556.33127	44555.73067	44555.42937	44555.32042	44551.62377	44811.52869042886
44671.53844	44708.27079	44709.43345	44708.32247	44707.80486	44707.48316	44707.29373	44706.54426	44703.38268	44703.73034	44518.99735	44555.84535	44557.55967	44556.55771	44556.33127	44555.73067	44555.42937	44555.32042	44551.62377	44552.33971	44984.65135255664
44670.02762	44709.43345	44708.32247	44707.80486	44707.48316	44707.29373	44706.54426	44703.38268	44703.73034	44704.22401	44517.31816	44557.55967	44556.55771	44556.33127	44555.73067	44555.42937	44555.32042	44551.62377	44552.33971	44552.83621	45028.40164497786
44668.66631	44708.32247	44707.80486	44707.48316	44707.29373	44706.54426	44703.38268	44703.73034	44704.22401	44696.36697	44516.42432	44556.55771	44556.33127	44555.73067	44555.42937	44555.32042	44551.62377	44552.33971	44552.83621	44550.50291	45003.456869468224
44667.9306	44707.80486	44707.48316	44707.29373	44706.54426	44703.38268	44703.73034	44704.22401	44696.36697	44695.50549	44516.01152	44556.33127	44555.73067	44555.42937	44555.32042	44551.62377	44552.33971	44552.83621	44550.50291	44550.50291	44985.71778231757
44667.74214	44707.48316	44707.29373	44706.54426	44703.38268	44703.73034	44704.22401	44696.36697	44695.50549	44694.80335	44515.9162	44555.73067	44555.42937	44555.32042	44551.62377	44552.33971	44552.83621	44550.50291	44550.50291	44550.50291	44944.42166584658
44667.49121	44707.29373	44706.54426	44703.38268	44703.73034	44704.22401	44696.36697	44695.50549	44694.80335	44690.47061	44516.02973	44555.42937	44555.32042	44551.62377	44552.33971	44552.83621	44550.50291	44550.50291	44550.50291	44538.30177	45065.499490391216
44666.54158	44706.54426	44703.38268	44703.73034	44704.22401	44696.36697	44695.50549	44694.80335	44690.47061	44691.55236	44514.98569	44555.32042	44551.62377	44552.33971	44552.83621	44550.50291	44550.50291	44550.50291	44538.30177	44540.10197	45013.241385445515
44669.28127	44703.38268	44703.73034	44704.22401	44696.36697	44695.50549	44694.80335	44690.47061	44691.55236	44686.92371	44519.24361	44551.62377	44552.33971	44552.83621	44550.50291	44550.50291	44550.50291	44538.30177	44540.10197	44534.38462	44770.57122528205
44672.75818	44703.73034	44704.22401	44696.36697	44695.50549	44694.80335	44690.47061	44691.55236	44686.92371	44686.51708	44522.04102	44552.33971	44552.83621	44550.50291	44550.50291	44550.50291	44538.30177	44540.10197	44534.38462	44533.73842	45016.42556755846
44672.76842	44704.22401	44696.36697	44695.50549	44694.80335	44690.47061	44691.55236	44686.92371	44686.51708	44684.86048	44521.90572	44552.83621	44550.50291	44550.50291	44550.50291	44538.30177	44540.10197	44534.38462	44533.73842	44532.3257	44965.32511501976
44667.96489	44696.36697	44695.50549	44694.80335	44690.47061	44691.55236	44686.92371	44686.51708	44684.86048	44684.65351	44516.66604	44550.50291	44550.50291	44550.50291	44538.30177	44540.10197	44534.38462	44533.73842	44532.3257	44532.08145	44889.336783694875
44666.82821	44695.50549	44694.80335	44690.47061	44691.55236	44686.92371	44686.51708	44684.86048	44684.65351	44672.38337	44516.10915	44550.50291	44550.50291	44538.30177	44540.10197	44534.38462	44533.73842	44532.3257	44532.08145	44518.87533	44936.59852300226
44668.28623	44694.80335	44690.47061	44691.55236	44686.92371	44686.51708	44684.86048	44684.65351	44672.38337	44673.22065	44516.74487	44550.50291	44538.30177	44540.10197	44534.38462	44533.73842	44532.3257	44532.08145	44518.87533	44520.80119	44760.20666402884
44667.54249	44690.47061	44691.55236	44686.92371	44686.51708	44684.86048	44684.65351	44672.38337	44673.22065	44671.53844	44516.72498	44538.30177	44540.10197	44534.38462	44533.73842	44532.3257	44532.08145	44518.87533	44520.80119	44518.99735	44933.993093486264
44666.97391	44691.55236	44686.92371	44686.51708	44684.86048	44684.65351	44672.38337	44673.22065	44671.53844	44670.02762	44515.38803	44540.10197	44534.38462	44533.73842	44532.3257	44532.08145	44518.87533	44520.80119	44518.99735	44517.31816	44867.64216548354
44667.00264	44686.92371	44686.51708	44684.86048	44684.65351	44672.38337	44673.22065	44671.53844	44670.02762	44668.66631	44514.57566	44534.38462	44533.73842	44532.3257	44532.08145	44518.87533	44520.80119	44518.99735	44517.31816	44516.42432	44822.24930282188
44667.60565	44686.51708	44684.86048	44684.65351	44672.38337	44673.22065	44671.53844	44670.02762	44668.66631	44667.9306	44516.60805	44533.73842	44532.3257	44532.08145	44518.87533	44520.80119	44518.99735	44517.31816	44516.42432	44516.01152	44612.02114290306
44667.90156	44684.86048	44684.65351	44672.38337	44673.22065	44671.53844	44670.02762	44668.66631	44667.9306	44667.74214	44517.03627	44532.3257	44532.08145	44518.87533	44520.80119	44518.99735	44517.31816	44516.42432	44516.01152	44515.9162	45081.90692668632
44668.45473	44684.65351	44672.38337	44673.22065	44671.53844	44670.02762	44668.66631	44667.9306	44667.74214	44667.49121	44516.93999	44532.08145	44518.87533	44520.80119	44518.99735	44517.31816	44516.42432	44516.01152	44515.9162	44516.02973	44751.676342441555
44665.87194	44672.38337	44673.22065	44671.53844	44670.02762	44668.66631	44667.9306	44667.74214	44667.49121	44666.54158	44514.68296	44518.87533	44520.80119	44518.99735	44517.31816	44516.42432	44516.01152	44515.9162	44516.02973	44514.98569	44736.21188761847
44669.04763	44673.22065	44671.53844	44670.02762	44668.66631	44667.9306	44667.74214	44667.49121	44666.54158	44669.28127	44518.82181	44520.80119	44518.99735	44517.31816	44516.42432	44516.01152	44515.9162	44516.02973	44514.98569	44519.24361	44624.81034733953
44673.69283	44671.53844	44670.02762	44668.66631	44667.9306	44667.74214	44667.49121	44666.54158	44669.28127	44672.75818	44522.58792	44518.99735	44517.31816	44516.42432	44516.01152	44515.9162	44516.02973	44514.98569	44519.24361	44522.04102	44627.658754063224
44673.48717	44670.02762	44668.66631	44667.9306	44667.74214	44667.49121	44666.54158	44669.28127	44672.75818	44672.76842	44521.99355	44517.31816	44516.42432	44516.01152	44515.9162	44516.02973	44514.98569	44519.24361	44522.04102	44521.90572	44719.452410091806
44672.30286	44668.66631	44667.9306	44667.74214	44667.49121	44666.54158	44669.28127	44672.75818	44672.76842	44667.96489	44521.15048	44516.42432	44516.01152	44515.9162	44516.02973	44514.98569	44519.24361	44522.04102	44521.90572	44516.66604	44647.202577497475
44673.89147	44667.9306	44667.74214	44667.49121	44666.54158	44669.28127	44672.75818	44672.76842	44667.96489	44666.82821	44522.7574	44516.01152	44515.9162	44516.02973	44514.98569	44519.24361	44522.04102	44521.90572	44516.66604	44516.10915	44565.58416377071
44681.27433	44667.74214	44667.49121	44666.54158	44669.28127	44672.75818	44672.76842	44667.96489	44666.82821	44668.28623	44529.38053	44515.9162	44516.02973	44514.98569	44519.24361	44522.04102	44521.90572	44516.66604	44516.10915	44516.74487	44571.202687919096
44680.78643	44667.49121	44666.54158	44669.28127	44672.75818	44672.76842	44667.96489	44666.82821	44668.28623	44667.54249	44529.2424	44516.02973	44514.98569	44519.24361	44522.04102	44521.90572	44516.66604	44516.10915	44516.74487	44516.72498	44700.00581866144
44678.7769	44666.54158	44669.28127	44672.75818	44672.76842	44667.96489	44666.82821	44668.28623	44667.54249	44666.97391	44526.58485	44514.98569	44519.24361	44522.04102	44521.90572	44516.66604	44516.10915	44516.74487	44516.72498	44515.38803	44573.35890804016
44677.35726	44669.28127	44672.75818	44672.76842	44667.96489	44666.82821	44668.28623	44667.54249	44666.97391	44667.00264	44525.3031	44519.24361	44522.04102	44521.90572	44516.66604	44516.10915	44516.74487	44516.72498	44515.38803	44514.57566	44493.9149330997
44679.92581	44672.75818	44672.76842	44667.96489	44666.82821	44668.28623	44667.54249	44666.97391	44667.00264	44667.60565	44528.33246	44522.04102	44521.90572	44516.66604	44516.10915	44516.74487	44516.72498	44515.38803	44514.57566	44516.60805	44590.49796098757
44678.33662	44672.76842	44667.96489	44666.82821	44668.28623	44667.54249	44666.97391	44667.00264	44667.60565	44667.90156	44526.11732	44521.90572	44516.66604	44516.10915	44516.74487	44516.72498	44515.38803	44514.57566	44516.60805	44517.03627	44637.38035975505
44676.66794	44667.96489	44666.82821	44668.28623	44667.54249	44666.97391	44667.00264	44667.60565	44667.90156	44668.45473	44525.13104	44516.66604	44516.10915	44516.74487	44516.72498	44515.38803	44514.57566	44516.60805	44517.03627	44516.93999	44577.115819596256
44682.10916	44666.82821	44668.28623	44667.54249	44666.97391	44667.00264	44667.60565	44667.90156	44668.45473	44665.87194	44530.47449	44516.10915	44516.74487	44516.72498	44515.38803	44514.57566	44516.60805	44517.03627	44516.93999	44514.68296	44470.47042706352
44681.97563	44668.28623	44667.54249	44666.97391	44667.00264	44667.60565	44667.90156	44668.45473	44665.87194	44669.04763	44530.24694	44516.74487	44516.72498	44515.38803	44514.57566	44516.60805	44517.03627	44516.93999	44514.68296	44518.82181	44625.7318002286
44682.09813	44667.54249	44666.97391	44667.00264	44667.60565	44667.90156	44668.45473	44665.87194	44669.04763	44673.69283	44529.78664	44516.72498	44515.38803	44514.57566	44516.60805	44517.03627	44516.93999	44514.68296	44518.82181	44522.58792	44579.253947721474
44682.34421	44666.97391	44667.00264	44667.60565	44667.90156	44668.45473	44665.87194	44669.04763	44673.69283	44673.48717	44530.36185	44515.38803	44514.57566	44516.60805	44517.03627	44516.93999	44514.68296	44518.82181	44522.58792	44521.99355	44544.51512589471
44682.80137	44667.00264	44667.60565	44667.90156	44668.45473	44665.87194	44669.04763	44673.69283	44673.48717	44672.30286	44531.0307	44514.57566	44516.60805	44517.03627	44516.93999	44514.68296	44518.82181	44522.58792	44521.99355	44521.15048	44549.16984687154
44684.06543	44667.60565	44667.90156	44668.45473	44665.87194	44669.04763	44673.69283	44673.48717	44672.30286	44673.89147	44532.20183	44516.60805	44517.03627	44516.93999	44514.68296	44518.82181	44522.58792	44521.99355	44521.15048	44522.7574	44470.91747108806
44683.57165	44667.90156	44668.45473	44665.87194	44669.04763	44673.69283	44673.48717	44672.30286	44673.89147	44681.27433	44531.30065	44517.03627	44516.93999	44514.68296	44518.82181	44522.58792	44521.99355	44521.15048	44522.7574	44529.38053	44650.72654813812
44679.21	44668.45473	44665.87194	44669.04763	44673.69283	44673.48717	44672.30286	44673.89147	44681.27433	44680.78643	44545.36	44516.93999	44514.68296	44518.82181	44522.58792	44521.99355	44521.15048	44522.7574	44529.38053	44529.2424	44693.241547796
44680.63	44665.87194	44669.04763	44673.69283	44673.48717	44672.30286	44673.89147	44681.27433	44680.78643	44678.7769	44546.78	44514.68296	44518.82181	44522.58792	44521.99355	44521.15048	44522.7574	44529.38053	44529.2424	44526.58485	44444.091053998374
44685.35	44669.04763	44673.69283	44673.48717	44672.30286	44673.89147	44681.27433	44680.78643	44678.7769	44677.35726	44551.49	44518.82181	44522.58792	44521.99355	44521.15048	44522.7574	44529.38053	44529.2424	44526.58485	44525.3031	44476.82777853303
44696.25	44673.69283	44673.48717	44672.30286	44673.89147	44681.27433	44680.78643	44678.7769	44677.35726	44679.92581	44562.36	44522.58792	44521.99355	44521.15048	44522.7574	44529.38053	44529.2424	44526.58485	44525.3031	44528.33246	44501.24218171727
44699.85	44673.48717	44672.30286	44673.89147	44681.27433	44680.78643	44678.7769	44677.35726	44679.92581	44678.33662	44563.95	44521.99355	44521.15048	44522.7574	44529.38053	44529.2424	44526.58485	44525.3031	44528.33246	44526.11732	44692.55289386518
44701.89	44672.30286	44673.89147	44681.27433	44680.78643	44678.7769	44677.35726	44679.92581	44678.33662	44676.66794	44567.98	44521.15048	44522.7574	44529.38053	44529.2424	44526.58485	44525.3031	44528.33246	44526.11732	44525.13104	44395.48782087564
44702.89	44673.89147	44681.27433	44680.78643	44678.7769	44677.35726	44679.92581	44678.33662	44676.66794	44682.10916	44568.97	44522.7574	44529.38053	44529.2424	44526.58485	44525.3031	44528.33246	44526.11732	44525.13104	44530.47449	44428.32239745269
44701.36	44681.27433	44680.78643	44678.7769	44677.35726	44679.92581	44678.33662	44676.66794	44682.10916	44681.97563	44567.45	44529.38053	44529.2424	44526.58485	44525.3031	44528.33246	44526.11732	44525.13104	44530.47449	44530.24694	44553.62299846654
44702.99	44680.78643	44678.7769	44677.35726	44679.92581	44678.33662	44676.66794	44682.10916	44681.97563	44682.09813	44569.07	44529.2424	44526.58485	44525.3031	44528.33246	44526.11732	44525.13104	44530.47449	44530.24694	44529.78664	44543.908915058746
44702.87	44678.7769	44677.35726	44679.92581	44678.33662	44676.66794	44682.10916	44681.97563	44682.09813	44682.34421	44568.95	44526.58485	44525.3031	44528.33246	44526.11732	44525.13104	44530.47449	44530.24694	44529.78664	44530.36185	44422.00452379843
44702.9	44677.35726	44679.92581	44678.33662	44676.66794	44682.10916	44681.97563	44682.09813	44682.34421	44682.80137	44568.99	44525.3031	44528.33246	44526.11732	44525.13104	44530.47449	44530.24694	44529.78664	44530.36185	44531.0307	44481.72695126549
44705.9	44679.92581	44678.33662	44676.66794	44682.10916	44681.97563	44682.09813	44682.34421	44682.80137	44684.06543	44565.39	44528.33246	44526.11732	44525.13104	44530.47449	44530.24694	44529.78664	44530.36185	44531.0307	44532.20183	44567.137742612096
44705.14762	44678.33662	44676.66794	44682.10916	44681.97563	44682.09813	44682.34421	44682.80137	44684.06543	44683.57165	44555.37	44526.11732	44525.13104	44530.47449	44530.24694	44529.78664	44530.36185	44531.0307	44532.20183	44531.30065	44431.596372166656
44700.71121	44676.66794	44682.10916	44681.97563	44682.09813	44682.34421	44682.80137	44684.06543	44683.57165	44679.21	44547.0304	44525.13104	44530.47449	44530.24694	44529.78664	44530.36185	44531.0307	44532.20183	44531.30065	44545.36	44554.08742652338
44699.82821	44682.10916	44681.97563	44682.09813	44682.34421	44682.80137	44684.06543	44683.57165	44679.21	44680.63	44547.42724	44530.47449	44530.24694	44529.78664	44530.36185	44531.0307	44532.20183	44531.30065	44545.36	44546.78	44504.34435083861
44698.0	44681.97563	44682.09813	44682.34421	44682.80137	44684.06543	44683.57165	44679.21	44680.63	44685.35	44548.3	44530.24694	44529.78664	44530.36185	44531.0307	44532.20183	44531.30065	44545.36	44546.78	44551.49	44567.163580515065
44698.53	44682.09813	44682.34421	44682.80137	44684.06543	44683.57165	44679.21	44680.63	44685.35	44696.25	44549.94	44529.78664	44530.36185	44531.0307	44532.20183	44531.30065	44545.36	44546.78	44551.49	44562.36	44567.198344786375
44700.45	44682.34421	44682.80137	44684.06543	44683.57165	44679.21	44680.63	44685.35	44696.25	44699.85	44550.76	44530.36185	44531.0307	44532.20183	44531.30065	44545.36	44546.78	44551.49	44562.36	44563.95	44499.474747380475
44701.81	44682.80137	44684.06543	44683.57165	44679.21	44680.63	44685.35	44696.25	44699.85	44701.89	44552.91	44531.0307	44532.20183	44531.30065	44545.36	44546.78	44551.49	44562.36	44563.95	44567.98	44464.94387043899
44702.6621	44684.06543	44683.57165	44679.21	44680.63	44685.35	44696.25	44699.85	44701.89	44702.89	44550.7371	44532.20183	44531.30065	44545.36	44546.78	44551.49	44562.36	44563.95	44567.98	44568.97	44598.70332579827
44703.45	44683.57165	44679.21	44680.63	44685.35	44696.25	44699.85	44701.89	44702.89	44701.36	44552.41	44531.30065	44545.36	44546.78	44551.49	44562.36	44563.95	44567.98	44568.97	44567.45	44608.44770655543
44705.19631	44679.21	44680.63	44685.35	44696.25	44699.85	44701.89	44702.89	44701.36	44702.99	44552.67315	44545.36	44546.78	44551.49	44562.36	44563.95	44567.98	44568.97	44567.45	44569.07	44644.74453913586
44704.27491	44680.63	44685.35	44696.25	44699.85	44701.89	44702.89	44701.36	44702.99	44702.87	44552.19102	44546.78	44551.49	44562.36	44563.95	44567.98	44568.97	44567.45	44569.07	44568.95	44480.77081437497
44688.91122	44685.35	44696.25	44699.85	44701.89	44702.89	44701.36	44702.99	44702.87	44702.9	44554.0	44551.49	44562.36	44563.95	44567.98	44568.97	44567.45	44569.07	44568.95	44568.99	45027.25695059146
44697.73	44696.25	44699.85	44701.89	44702.89	44701.36	44702.99	44702.87	44702.9	44705.9	44580.49717	44562.36	44563.95	44567.98	44568.97	44567.45	44569.07	44568.95	44568.99	44565.39	44503.078307865544
44705.0	44699.85	44701.89	44702.89	44701.36	44702.99	44702.87	44702.9	44705.9	44705.14762	44580.41282	44563.95	44567.98	44568.97	44567.45	44569.07	44568.95	44568.99	44565.39	44555.37	44552.95354522226
44703.73	44701.89	44702.89	44701.36	44702.99	44702.87	44702.9	44705.9	44705.14762	44700.71121	44579.59917	44567.98	44568.97	44567.45	44569.07	44568.95	44568.99	44565.39	44555.37	44547.0304	45043.734985242314
44703.43	44702.89	44701.36	44702.99	44702.87	44702.9	44705.9	44705.14762	44700.71121	44699.82821	44578.84027	44568.97	44567.45	44569.07	44568.95	44568.99	44565.39	44555.37	44547.0304	44547.42724	44656.05401459214
44710.13	44701.36	44702.99	44702.87	44702.9	44705.9	44705.14762	44700.71121	44699.82821	44698.0	44576.19	44567.45	44569.07	44568.95	44568.99	44565.39	44555.37	44547.0304	44547.42724	44548.3	44560.3858038889
44711.52	44702.99	44702.87	44702.9	44705.9	44705.14762	44700.71121	44699.82821	44698.0	44698.53	44576.59	44569.07	44568.95	44568.99	44565.39	44555.37	44547.0304	44547.42724	44548.3	44549.94	44765.067179052196
44713.45	44702.87	44702.9	44705.9	44705.14762	44700.71121	44699.82821	44698.0	44698.53	44700.45	44579.19	44568.95	44568.99	44565.39	44555.37	44547.0304	44547.42724	44548.3	44549.94	44550.76	44582.35304931015
44717.97	44702.9	44705.9	44705.14762	44700.71121	44699.82821	44698.0	44698.53	44700.45	44701.81	44581.79	44568.99	44565.39	44555.37	44547.0304	44547.42724	44548.3	44549.94	44550.76	44552.91	44481.97010507395
44724.45	44705.9	44705.14762	44700.71121	44699.82821	44698.0	44698.53	44700.45	44701.81	44702.6621	44581.09	44565.39	44555.37	44547.0304	44547.42724	44548.3	44549.94	44550.76	44552.91	44550.7371	44571.86994349915
44725.15751	44705.14762	44700.71121	44699.82821	44698.0	44698.53	44700.45	44701.81	44702.6621	44703.45	44578.69	44555.37	44547.0304	44547.42724	44548.3	44549.94	44550.76	44552.91	44550.7371	44552.41	44579.24677493897
44725.58164	44700.71121	44699.82821	44698.0	44698.53	44700.45	44701.81	44702.6621	44703.45	44705.19631	44578.44	44547.0304	44547.42724	44548.3	44549.94	44550.76	44552.91	44550.7371	44552.41	44552.67315	44547.27890417687
44724.95	44699.82821	44698.0	44698.53	44700.45	44701.81	44702.6621	44703.45	44705.19631	44704.27491	44574.68591	44547.42724	44548.3	44549.94	44550.76	44552.91	44550.7371	44552.41	44552.67315	44552.19102	44540.48500744969
44725.2	44698.0	44698.53	44700.45	44701.81	44702.6621	44703.45	44705.19631	44704.27491	44688.91122	44574.37	44548.3	44549.94	44550.76	44552.91	44550.7371	44552.41	44552.67315	44552.19102	44554.0	44492.29587899217
44725.23	44698.53	44700.45	44701.81	44702.6621	44703.45	44705.19631	44704.27491	44688.91122	44697.73	44577.1	44549.94	44550.76	44552.91	44550.7371	44552.41	44552.67315	44552.19102	44554.0	44580.49717	44499.16860159014
44726.68761	44700.45	44701.81	44702.6621	44703.45	44705.19631	44704.27491	44688.91122	44697.73	44705.0	44577.59	44550.76	44552.91	44550.7371	44552.41	44552.67315	44552.19102	44554.0	44580.49717	44580.41282	44497.09842571673
44723.43	44701.81	44702.6621	44703.45	44705.19631	44704.27491	44688.91122	44697.73	44705.0	44703.73	44576.83	44552.91	44550.7371	44552.41	44552.67315	44552.19102	44554.0	44580.49717	44580.41282	44579.59917	44646.596892347865
44726.76569	44702.6621	44703.45	44705.19631	44704.27491	44688.91122	44697.73	44705.0	44703.73	44703.43	44577.36	44550.7371	44552.41	44552.67315	44552.19102	44554.0	44580.49717	44580.41282	44579.59917	44578.84027	44404.91466884012
44726.08	44703.45	44705.19631	44704.27491	44688.91122	44697.73	44705.0	44703.73	44703.43	44710.13	44577.92	44552.41	44552.67315	44552.19102	44554.0	44580.49717	44580.41282	44579.59917	44578.84027	44576.19	44268.858707400504
44727.05205	44705.19631	44704.27491	44688.91122	44697.73	44705.0	44703.73	44703.43	44710.13	44711.52	44578.27	44552.67315	44552.19102	44554.0	44580.49717	44580.41282	44579.59917	44578.84027	44576.19	44576.59	44750.573648790705